"Adde, Antoine, et al. “Predicting Spatiotemporal Abundance of Breeding Waterfowl across Canada: A Bayesian Hierarchical Modelling Approach.” Diversity and Distributions, vol. 26, no. 10, Oct. 2020, pp. 1248–63, https://doi.org/10.1111/ddi.13129."
"Adin, Aritz, et al. “Automatic Cross-Validation in Structured Models: Is It Time to Leave out Leave-One-Out?” Spatial Statistics, vol. 62, Aug. 2024, p. 100843, https://doi.org/10.1016/j.spasta.2024.100843."
"Allouche, OMRI, et al. “Assessing the Accuracy of Species Distribution Models: Prevalence, Kappa and the True Skill Statistic (TSS).” Journal of Applied Ecology, vol. 43, no. 6, 2006, pp. 1223–32, https://doi.org/10.1111/j.1365-2664.2006.01214.x."
"Anderson, R. P., et al. Optimizing Biodiversity Informatics to Improve Information Flow, Data Quality, and Utility for Science and Society. vol. 12, no. 3, 2020, https://doi.org/10.21425/F5FBG47839."
"Anderson, Robert P. “A Framework for Using Niche Models to Estimate Impacts of Climate Change on Species Distributions.” Annals of the New York Academy of Sciences, vol. 1297, no. 1, 2013, pp. 8–28, https://doi.org/10.1111/nyas.12264."
"Andrade, André Felipe Alves de, et al. “ENMTML: An R Package for a Straightforward Construction of Complex Ecological Niche Models.” Environmental Modelling & Software, vol. 125, Mar. 2020, p. 104615. ScienceDirect, https://doi.org/10.1016/j.envsoft.2019.104615."
"Anselmetto, Nicolò, et al. “Species Distribution Models Built with Local Species Data Perform Better for Current Time, but Suffer from Niche Truncation.” Agricultural and Forest Meteorology, vol. 362, 2025, p. 110361, https://doi.org/10.1016/j.agrformet.2024.110361."
"Araújo, Miguel B., Robert P. Anderson, et al. “Standards for Distribution Models in Biodiversity Assessments.” Science Advances, vol. 5, no. 1, Jan. 2019, p. eaat4858. science.org (Atypon), https://doi.org/10.1126/sciadv.aat4858."
"Araújo, Miguel B., Richard G. Pearson, et al. “Validation of Species–Climate Impact Models under Climate Change.” Global Change Biology, vol. 11, no. 9, 2005, pp. 1504–13, https://doi.org/10.1111/j.1365-2486.2005.01000.x."
"Araújo, Miguel B., and Antoine Guisan. “Five (or so) Challenges for Species Distribution Modelling.” Journal of Biogeography, vol. 33, no. 10, 2006, pp. 1677–88, https://doi.org/10.1111/j.1365-2699.2006.01584.x."
"Araújo, Miguel B., and Miska Luoto. “The Importance of Biotic Interactions for Modelling Species Distributions under Climate Change.” Global Ecology and Biogeography, vol. 16, no. 6, 2007, pp. 743–53, https://doi.org/10.1111/j.1466-8238.2007.00359.x."
"Arenas-Castro, Salvador, et al. “Effects of Input Data Sources on Species Distribution Model Predictions across Species with Different Distributional Ranges.” Journal of Biogeography, vol. 49, no. 7, July 2022, pp. 1299–312, https://doi.org/10.1111/jbi.14382."
"Aubry, Keith B., et al. “The Importance of Data Quality for Generating Reliable Distribution Models for Rare, Elusive, and Cryptic Species.” PLOS ONE, vol. 12, no. 6, June 2017, pp. 1–17, https://doi.org/10.1371/journal.pone.0179152."
"Austin, M. P. “Spatial Prediction of Species Distribution: An Interface between Ecological Theory and Statistical Modelling.” Ecological Modelling, vol. 157, no. 2, 2002, pp. 101–18, https://doi.org/10.1016/S0304-3800(02)00205-3."
"Austin, Mike P., and Kimberly P. Van Niel. “Improving Species Distribution Models for Climate Change Studies: Variable Selection and Scale.” Journal of Biogeography, vol. 38, no. 1, 2011, pp. 1–8, https://doi.org/10.1111/j.1365-2699.2010.02416.x."
"Barbet-Massin, Morgane, et al. “Selecting Pseudo-Absences for Species Distribution Models: How, Where and How Many?” Methods in Ecology and Evolution, vol. 3, no. 2, 2012, pp. 327–38, https://doi.org/10.1111/j.2041-210X.2011.00172.x."
"Barbosa, Ana Márcia, et al. “Spatial, Environmental and Human Influences on the Distribution of Otter (Lutra Lutra) in the Spanish Provinces.” Diversity and Distributions, vol. 7, no. 3, 2001, pp. 137–44, https://doi.org/10.1046/j.1472-4642.2001.00104.x."
"Barros, Ceres, et al. “Empowering Ecological Modellers with a PERFICT Workflow: Seamlessly Linking Data, Parameterisation, Prediction, Validation and Visualisation.” Methods in Ecology and Evolution, vol. 14, no. 1, 2023, pp. 173–88. Wiley Online Library, https://doi.org/10.1111/2041-210X.14034."
"Barry, Simon, and Jane Elith. “Error and Uncertainty in Habitat Models.” Journal of Applied Ecology, vol. 43, no. 3, 2006, pp. 413–23, https://doi.org/10.1111/j.1365-2664.2006.01136.x."
"Batalden, Rebecca V., et al. “Ecological Niches in Sequential Generations of Eastern North American Monarch Butterflies (Lepidoptera: Danaidae): The Ecology of Migration and Likely Climate Change Implications.” Environmental Entomology, vol. 36, no. 6, Dec. 2007, pp. 1365–73, https://doi.org/10.1603/0046-225X(2007)36%255B1365:ENISGO%255D2.0.CO;2."
"Bateman, Brooke L., et al. “North American Birds Require Mitigation and Adaptation to Reduce Vulnerability to Climate Change.” Conservation Science and Practice, vol. 2, no. 8, 2020, p. e242. Wiley Online Library, https://doi.org/10.1111/csp2.242."
"Beale, Colin M., and Jack J. Lennon. “Incorporating Uncertainty in Predictive Species Distribution Modelling.” Philosophical Transactions: Biological Sciences, vol. 367, no. 1586, 2012, pp. 247–58. JSTOR, https://www.jstor.org/stable/23076314."
"Bell, Andrew Reid, et al. “The PAVE Pathway: How to Talk about Models with People Who Built Them, and People Who Didn’t.” BioScience, Mar. 2026, p. biag010. DOI.org (Crossref), https://doi.org/10.1093/biosci/biag010."
"Benito, Blas M., et al. “The Impact of Modelling Choices in the Predictive Performance of Richness Maps Derived from Species-Distribution Models: Guidelines to Build Better Diversity Models.” Methods in Ecology and Evolution, vol. 4, no. 4, 2013, pp. 327–35, https://doi.org/10.1111/2041-210x.12022."
"Bouchet, Phil J., A. Townsend Peterson, et al. “Better Model Transfers Require Knowledge of Mechanisms.” Trends in Ecology & Evolution, vol. 34, no. 6, June 2019, pp. 489–90. www.cell.com, https://doi.org/10.1016/j.tree.2019.04.006."
"Bouchet, Phil J., David L. Miller, et al. “Dsmextra: Extrapolation Assessment Tools for Density Surface Models.” Methods in Ecology and Evolution, vol. 11, no. 11, 2020, pp. 1464–69. Wiley Online Library, https://doi.org/10.1111/2041-210X.13469."
"Boulangeat, Isabelle, et al. “Accounting for Dispersal and Biotic Interactions to Disentangle the Drivers of Species Distributions and Their Abundances.” Ecology Letters, vol. 15, no. 6, 2012, pp. 584–93, https://doi.org/10.1111/j.1461-0248.2012.01772.x."
"Boutin, Stan, et al. “Why Are Caribou Declining in the Oil Sands?” Frontiers in Ecology and the Environment, vol. 10, no. 2, 2012, pp. 65–67, https://doi.org/10.1890/12.WB.005."
"Bowler, Diana E., et al. “Treating Gaps and Biases in Biodiversity Data as a Missing Data Problem.” Biological Reviews, vol. 100, no. 1, 2025, pp. 50–67. Wiley Online Library, https://doi.org/10.1111/brv.13127."
"Boyd, Robin J., et al. “Causal Inference and Large-Scale Expert Validation Shed Light on the Drivers of SDM Accuracy and Variance.” Diversity and Distributions, vol. 29, no. 6, 2023, pp. 774–84, https://doi.org/10.1111/ddi.13698."
"Bracho-Estévanez, Claudio A., et al. “Spatially Explicit Metrics Improve the Evaluation of Species Distribution Models Facing Sampling Biases.” Ecological Informatics, vol. 84, 2024, p. 102916, https://doi.org/10.1016/j.ecoinf.2024.102916."
"Bradley, Bethany A., et al. “Space to Invade? Comparative Range Infilling and Potential Range of Invasive and Native Plants.” Global Ecology and Biogeography, vol. 24, no. 3, 2015, pp. 348–59, https://doi.org/10.1111/geb.12275."
"Braunisch, Veronika, et al. “Selecting from Correlated Climate Variables: A Major Source of Uncertainty for Predicting Species Distributions under Climate Change.” Ecography, vol. 36, no. 9, 2013, pp. 971–83, https://doi.org/10.1111/j.1600-0587.2013.00138.x."
"Brun, Philipp, et al. “Model Complexity Affects Species Distribution Projections under Climate Change.” Journal of Biogeography, vol. 47, no. 1, 2020, pp. 130–42, https://doi.org/10.1111/jbi.13734."
"Bryn, Anders, et al. “Reliability in Distribution Modeling—A Synthesis and Step-by-Step Guidelines for Improved Practice.” Frontiers in Ecology and Evolution, Volume 9-2021, 2021, https://doi.org/10.3389/fevo.2021.658713."
"Buisson, LAËTITIA, et al. “Uncertainty in Ensemble Forecasting of Species Distribution.” Global Change Biology, vol. 16, no. 4, 2010, pp. 1145–57, https://doi.org/10.1111/j.1365-2486.2009.02000.x."
"Charney, Noah D., et al. “A Test of Species Distribution Model Transferability Across Environmental and Geographic Space for 108 Western North American Tree Species.” Frontiers in Ecology and Evolution, Volume 9-2021, 2021, https://doi.org/10.3389/fevo.2021.689295."
"Chauvier, Yohann, et al. “Resolution in Species Distribution Models Shapes Spatial Patterns of Plant Multifaceted Diversity.” Ecography, vol. 2022, no. 10, 2022, p. e05973, https://doi.org/10.1111/ecog.05973."
"Cheaib, Alissar, et al. “Climate Change Impacts on Tree Ranges: Model Intercomparison Facilitates Understanding and Quantification of Uncertainty.” Ecology Letters, vol. 15, no. 6, 2012, pp. 533–44, https://doi.org/10.1111/j.1461-0248.2012.01764.x."
"Chefaoui, Rosa M., and Jorge M. Lobo. “Assessing the Effects of Pseudo-Absences on Predictive Distribution Model Performance.” Ecological Modelling, vol. 210, no. 4, 2008, pp. 478–86, https://doi.org/10.1016/j.ecolmodel.2007.08.010."
"Chevalier, Mathieu, et al. “Accounting for Niche Truncation to Improve Spatial and Temporal Predictions of Species Distributions.” Frontiers in Ecology and Evolution, Volume 10-2022, 2022, https://doi.org/10.3389/fevo.2022.944116."
"Clare, John D. J., et al. “A Cloudy Forecast for Species Distribution Models: Predictive Uncertainties Abound for California Birds after a Century of Climate and Land-Use Change.” Global Change Biology, vol. 30, no. 1, 2024, p. e17019. Wiley Online Library, https://doi.org/10.1111/gcb.17019."
"Cobos, Marlon E., et al. “Detailed Multivariate Comparisons of Environments with Mobility Oriented Parity.” Frontiers of Biogeography, vol. 17, Sept. 2024, p. e132916. biogeography.pensoft.net, https://doi.org/10.21425/fob.17.132916."
"Collart, Flavien, et al. “Intraspecific Differentiation: Implications for Niche and Distribution Modelling.” Journal of Biogeography, vol. 48, no. 2, 2021, pp. 415–26, https://doi.org/10.1111/jbi.14009."
"Connor, Thomas, et al. “Effects of Grain Size and Niche Breadth on Species Distribution Modeling.” Ecography, vol. 41, no. 8, 2018, pp. 1270–82, https://doi.org/10.1111/ecog.03416."
"Costa, Gabriel C., et al. “Sampling Bias and the Use of Ecological Niche Modeling in Conservation Planning: A Field Evaluation in a Biodiversity Hotspot.” Biodiversity and Conservation, vol. 19, no. 3, Mar. 2010, pp. 883–99, https://doi.org/10.1007/s10531-009-9746-8."
"Costa, Hugo, et al. “Impacts of Species Misidentification on Species Distribution Modeling with Presence-Only Data.” ISPRS International Journal of Geo-Information, vol. 4, no. 4, 2015, pp. 2496–518, https://doi.org/10.3390/ijgi4042496."
"Davis, Amy J. S., et al. “Reproducible WiSDM: A Workflow for Reproducible Invasive Alien Species Risk Maps under Climate Change Scenarios Using Standardized Open Data.” FRONTIERS IN ECOLOGY AND EVOLUTION, vol. 12, FRONTIERS MEDIA SA, 9 Feb. 2024, https://doi.org/10.3389/fevo.2024.1148895."
"Davis, Margaret B., et al. “Evolutionary Responses to Changing Climate.” Ecology, vol. 86, no. 7, 2005, pp. 1704–14, https://doi.org/10.1890/03-0788."
"De Marco, Jr, Paulo, et al. “Spatial Analysis Improves Species Distribution Modelling during Range Expansion.” Biology Letters, vol. 4, no. 5, July 2008, pp. 577–80, https://doi.org/10.1098/rsbl.2008.0210."
"Di Cola, Valeria, et al. “Ecospat: An R Package to Support Spatial Analyses and Modeling of Species Niches and Distributions.” Ecography, vol. 40, no. 6, 2017, pp. 774–87, https://doi.org/10.1111/ecog.02671."
"Distler, Trisha, et al. “Stacked Species Distribution Models and Macroecological Models Provide Congruent Projections of Avian Species Richness under Climate Change.” Journal of Biogeography, vol. 42, no. 5, 2015, pp. 976–88. Wiley Online Library, https://doi.org/10.1111/jbi.12479."
"Dolci, David, and Lorenzo Peruzzi. “Assessing the Effectiveness of Correlative Ecological Niche Model Temporal Projection through Floristic Data.” Biology, vol. 11, no. 8, 2022, https://doi.org/10.3390/biology11081219."
"Dormann, Carsten F., et al. “Collinearity: A Review of Methods to Deal with It and a Simulation Study Evaluating Their Performance.” Ecography, vol. 36, no. 1, 2013, pp. 27–46, https://doi.org/10.1111/j.1600-0587.2012.07348.x."
"Dormann, Carsten F, et al. “Methods to Account for Spatial Autocorrelation in the Analysis of Species Distributional Data: A Review.” Ecography, vol. 30, no. 5, 2007, pp. 609–28, https://doi.org/10.1111/j.2007.0906-7590.05171.x."
"Dubos, Nicolas, et al. “Assessing the Effect of Sample Bias Correction in Species Distribution Models.” Ecological Indicators, vol. 145, 2022, p. 109487, https://doi.org/10.1016/j.ecolind.2022.109487."
"Elith, Jane, et al. “The Art of Modelling Range-Shifting Species.” Methods in Ecology and Evolution, vol. 1, no. 4, 2010, pp. 330–42. Wiley Online Library, https://doi.org/10.1111/j.2041-210X.2010.00036.x."
"Elith, Jane, and John R. Leathwick. “Species Distribution Models: Ecological Explanation and Prediction Across Space and Time.” Annual Review of Ecology, Evolution, and Systematics, vol. 40, no. Volume 40, 2009, 2009, pp. 677–97, https://doi.org/10.1146/annurev.ecolsys.110308.120159."
"Evans, Matthew R., et al. “Do Simple Models Lead to Generality in Ecology?” Trends in Ecology & Evolution, vol. 28, no. 10, Oct. 2013, pp. 578–83, https://doi.org/10.1016/j.tree.2013.05.022."
"Fadda, Lucas A., et al. “Applications of Ecological Niche and Species Distribution Models in Agricultural, Livestock, and Forestry Systems: A Comprehensive Review.” Agricultural Systems, vol. 231, 2026, p. 104542, https://doi.org/10.1016/j.agsy.2025.104542."
"Felton, Andrew J., et al. “Climate Disequilibrium Dominates Uncertainty in Long-Term Projections of Primary Productivity.” Ecology Letters, vol. 25, no. 12, 2022, pp. 2688–98. Wiley Online Library, https://doi.org/10.1111/ele.14132."
"Feng, Xiao, Daniel S. Park, et al. “Collinearity in Ecological Niche Modeling: Confusions and Challenges.” Ecology and Evolution, vol. 9, no. 18, 2019, pp. 10365–76, https://doi.org/10.1002/ece3.5555."
"Feng, Xiao, A. Townsend Peterson, et al. “Rethinking Ecological Niches and Geographic Distributions in Face of Pervasive Human Influence in the Anthropocene.” Biological Reviews, vol. 99, no. 4, 2024, pp. 1481–503. Wiley Online Library, https://doi.org/10.1111/brv.13077."
"Fern, Rachel R., et al. “Incorporating Biotic Relationships Improves Species Distribution Models: Modeling the Temporal Influence of Competition in Conspecific Nesting Birds.” Ecological Modelling, vol. 408, 2019, p. 108743, https://doi.org/10.1016/j.ecolmodel.2019.108743."
"Fink, Daniel, et al. “Modeling Avian Full Annual Cycle Distribution and Population Trends with Citizen Science Data.” Ecological Applications, vol. 30, no. 3, 2020, p. e02056. Wiley Online Library, https://doi.org/10.1002/eap.2056."
"Finn, Kaegan J., et al. “Deciding Where to Put Them: Sensitivity Tests and Independent Evaluation Are Critical When Using Species Distribution Models to Inform Conservation Translocations.” Journal of Applied Ecology, vol. 61, no. 4, 2024, pp. 713–32, https://doi.org/10.1111/1365-2664.14616."
"Fitzpatrick, Matthew C., and William W. Hargrove. “The Projection of Species Distribution Models and the Problem of Non-Analog Climate.” Biodiversity and Conservation, vol. 18, no. 8, July 2009, pp. 2255–61. Springer Link, https://doi.org/10.1007/s10531-009-9584-8."
"Flint, Ian, et al. “Maximising the Informativeness of New Records in Spatial Sampling Design.” Methods in Ecology and Evolution, vol. 15, no. 1, 2024, pp. 178–90. Wiley Online Library, https://doi.org/10.1111/2041-210X.14260."
"Foden, Wendy, et al. “A Changing Climate Is Eroding the Geographical Range of the Namib Desert Tree Aloe through Population Declines and Dispersal Lags.” Diversity and Distributions, vol. 13, no. 5, 2007, pp. 645–53, https://doi.org/10.1111/j.1472-4642.2007.00391.x."
"Foster, Sharla L., et al. “Testing the Assumption of Environmental Equilibrium in an Invasive Plant Species over a 130 Year History.” Ecography, vol. 2022, no. 12, 2022, p. e12933, https://doi.org/10.1111/ecog.06284."
"Fourcade, Yoan, Jan O. Engler, et al. “Mapping Species Distributions with MAXENT Using a Geographically Biased Sample of Presence Data: A Performance Assessment of Methods for Correcting Sampling Bias.” PLOS ONE, vol. 9, no. 5, May 2014, pp. 1–13, https://doi.org/10.1371/journal.pone.0097122."
"Fourcade, Yoan, Aurélien G. Besnard, et al. “Paintings Predict the Distribution of Species, or the Challenge of Selecting Environmental Predictors and Evaluation Statistics.” Global Ecology and Biogeography, vol. 27, no. 2, 2018, pp. 245–56, https://doi.org/10.1111/geb.12684."
"Gábor, Lukáš, Walter Jetz, et al. “Positional Errors in Species Distribution Modelling Are Not Overcome by the Coarser Grains of Analysis.” Methods in Ecology and Evolution, vol. 13, no. 10, 2022, pp. 2289–302, https://doi.org/10.1111/2041-210X.13956."
"Gábor, Lukáš, Vítězslav Moudrý, et al. “The Effect of Positional Error on Fine Scale Species Distribution Models Increases for Specialist Species.” Ecography, vol. 43, no. 2, 2020, pp. 256–69, https://doi.org/10.1111/ecog.04687."
"Gallien, Laure, et al. “Invasive Species Distribution Models – How Violating the Equilibrium Assumption Can Create New Insights.” Global Ecology and Biogeography, vol. 21, no. 11, Nov. 2012, pp. 1126–36, https://doi.org/10.1111/j.1466-8238.2012.00768.x."
"Gantchoff, M. G., et al. “Distribution Model Transferability for a Wide-Ranging Species, the Gray Wolf.” Scientific Reports, vol. 12, no. 1, no. 1, Aug. 2022, p. 13556. www.nature.com, https://doi.org/10.1038/s41598-022-16121-6."
"Godsoe, William, and Luke J. Harmon. “How Do Species Interactions Affect Species Distribution Models?” Ecography, vol. 35, no. 9, 2012, pp. 811–20, https://doi.org/10.1111/j.1600-0587.2011.07103.x."
"Gu, Weidong, and Robert K. Swihart. “Absent or Undetected? Effects of Non-Detection of Species Occurrence on Wildlife–Habitat Models.” Biological Conservation, vol. 116, no. 2, 2004, pp. 195–203, https://doi.org/10.1016/S0006-3207(03)00190-3."
"Guevara, Lázaro, et al. “Toward Ecologically Realistic Predictions of Species Distributions: A Cross-Time Example from Tropical Montane Cloud Forests.” Global Change Biology, vol. 24, no. 4, 2018, pp. 1511–22, https://doi.org/10.1111/gcb.13992."
"Guillaumot, Charlène, et al. “Broad-Scale Species Distribution Models Applied to Data-Poor Areas.” Progress in Oceanography, vol. 175, 2019, pp. 198–207, https://doi.org/10.1016/j.pocean.2019.04.007."
"Guillera-Arroita, Gurutzeta, José J. Lahoz-Monfort, Jane Elith, et al. “Is My Species Distribution Model Fit for Purpose? Matching Data and Models to Applications.” Global Ecology and Biogeography, vol. 24, no. 3, 2015, pp. 276–92, https://doi.org/10.1111/geb.12268."
"———. “Maxent Is Not a Presence–Absence Method: A Comment on Thibaud et Al.” Methods in Ecology and Evolution, vol. 5, no. 11, 2014, pp. 1192–97, https://doi.org/10.1111/2041-210X.12252."
"———. “Maxent Is Not a Presence–Absence Method: A Comment on Thibaud et Al.” Methods in Ecology and Evolution, vol. 5, no. 11, 2014, pp. 1192–97, https://doi.org/10.1111/2041-210X.12252."
"Guisan, Antoine, Wilfried Thuiller, et al. Habitat Suitability and Distribution Models: With Applications in R. 2017. Originally published by Cambridge."
"Guisan, Antoine, Catherine H. Graham, et al. “Sensitivity of Predictive Species Distribution Models to Change in Grain Size.” Diversity and Distributions, vol. 13, no. 3, 2007, pp. 332–40, https://doi.org/10.1111/j.1472-4642.2007.00342.x."
"Guisan, Antoine, Mathieu Chevalier, et al. “Spatially Nested Species Distribution Models (N-SDM): An Effective Tool to Overcome Niche Truncation for More Robust Inference and Projections.” Journal of Ecology, vol. 113, no. 7, 2025, pp. 1588–605, https://doi.org/10.1111/1365-2745.70063."
"Guisan, Antoine, and Wilfried Thuiller. “Predicting Species Distribution: Offering More than Simple Habitat Models.” Ecology Letters, vol. 8, no. 9, 2005, pp. 993–1009, https://doi.org/10.1111/j.1461-0248.2005.00792.x."
"Haddou, Yacob, et al. “Widespread Extinction Debts and Colonization Credits in United States Breeding Bird Communities.” Nature Ecology & Evolution, vol. 6, no. 3, Mar. 2022, pp. 324–31, https://doi.org/10.1038/s41559-021-01653-3."
"Hällfors, Maria Helena, et al. “Addressing Potential Local Adaptation in Species Distribution Models: Implications for Conservation under Climate Change.” Ecological Applications, vol. 26, no. 4, 2016, pp. 1154–69, https://doi.org/10.1890/15-0926."
"Hanson, Jeffrey O., et al. “Optimizing Ecological Surveys for Conservation.” Journal of Applied Ecology, vol. 60, no. 1, 2023, pp. 41–51. Wiley Online Library, https://doi.org/10.1111/1365-2664.14309."
"Harris, David J., et al. “Forecasting Biodiversity in Breeding Birds Using Best Practices.” PeerJ, vol. 6, Feb. 2018, p. e4278, https://doi.org/10.7717/peerj.4278."
"Heikkinen, R. K., et al. “Methods and Uncertainties in Bioclimatic Envelope Modelling under Climate Change.” Progress in Physical Geography, vol. 30, no. 6, 2006, pp. 751–77, https://doi.org/10.1177/0309133306071957."
"Hernandez, Pilar A., et al. “The Effect of Sample Size and Species Characteristics on Performance of Different Species Distribution Modeling Methods.” Ecography, vol. 29, no. 5, 2006, pp. 773–85, https://doi.org/10.1111/j.0906-7590.2006.04700.x."
"Hintze, Frederico, et al. “Bioacoustics for in Situ Validation of Species Distribution Modelling: An Example with Bats in Brazil.” PLOS ONE, vol. 16, no. 10, Oct. 2021, pp. 1–19, https://doi.org/10.1371/journal.pone.0248797."
"Hirzel, Alexandre H., et al. “Evaluating the Ability of Habitat Suitability Models to Predict Species Presences.” Ecological Modelling, vol. 199, no. 2, 2006, pp. 142–52, https://doi.org/10.1016/j.ecolmodel.2006.05.017."
"Hong, Jin-Kyung, and Jae-Chang Cho. “Environmental Variables Shaping the Ecological Niche of Thaumarchaeota in Soil: Direct and Indirect Causal Effects.” PLOS ONE, vol. 10, no. 8, Aug. 2015, pp. 1–20, https://doi.org/10.1371/journal.pone.0133763."
"Howard, Christine, et al. “Improving Species Distribution Models: The Value of Data on Abundance.” Methods in Ecology and Evolution, vol. 5, no. 6, 2014, pp. 506–13. Wiley Online Library, https://doi.org/10.1111/2041-210X.12184."
"Islam, Shariful, et al. “Ecological Niche Modeling Applications to Infectious Diseases.” Biodiversity Informatics, vol. 19, July 2025. journals.ku.edu, https://doi.org/10.17161/bi.v19i.23725."
"Jeschke, Jonathan M., and David L. Strayer. “Usefulness of Bioclimatic Models for Studying Climate Change and Invasive Species.” Annals of the New York Academy of Sciences, vol. 1134, no. 1, 2008, pp. 1–24, https://doi.org/10.1196/annals.1439.002."
"Jiménez, Laura, and Jorge Soberón. “Leaving the Area under the Receiving Operating Characteristic Curve behind: An Evaluation Method for Species Distribution Modelling Applications Based on Presence-Only Data.” Methods in Ecology and Evolution, vol. 11, no. 12, Dec. 2020, pp. 1571–86, https://doi.org/10.1111/2041-210X.13479."
"Jiménez-Valverde, Alberto. “Insights into the Area under the Receiver Operating Characteristic Curve (AUC) as a Discrimination Measure in Species Distribution Modelling.” Global Ecology and Biogeography, vol. 21, no. 4, 2012, pp. 498–507, https://doi.org/10.1111/j.1466-8238.2011.00683.x."
"Jones, Esther L., et al. “Novel Application of a Quantitative Spatial Comparison Tool to Species Distribution Data.” Ecological Indicators, vol. 70, 2016, pp. 67–76, https://doi.org/10.1016/j.ecolind.2016.05.051."
"Jordan, Alexander, et al. “Evaluating Probabilistic Forecasts with scoringRules.” Journal of Statistical Software, vol. 90, Aug. 2019, pp. 1–37. www.jstatsoft.org, https://doi.org/10.18637/jss.v090.i12."
"Jr, David C. Pavlacky, et al. “A Statistically Rigorous Sampling Design to Integrate Avian Monitoring and Management within Bird Conservation Regions.” PLOS ONE, vol. 12, no. 10, Oct. 2017, p. e0185924. PLoS Journals, https://doi.org/10.1371/journal.pone.0185924."
"Laffan, Shawn W. “Spatially Assessing Model Error Using Geographically Weighted Regression.” GeoComputation 99, https://www.geog.leeds.ac.uk/groups/geocomp/1999/086/gc_086.htm."
"Lahoz-Monfort, José J., et al. “Imperfect Detection Impacts the Performance of Species Distribution Models.” Global Ecology and Biogeography, vol. 23, no. 4, 2014, pp. 504–15, https://doi.org/10.1111/geb.12138."
"Lark, R. M., et al. “Decisions, Uncertainty and Spatial Information.” Spatial Statistics, Special Issue: The Impact of Spatial Statistics, vol. 50, Aug. 2022, p. 100619. ScienceDirect, https://doi.org/10.1016/j.spasta.2022.100619."
"Lawler, JOSHUA J., et al. “Predicting Climate-Induced Range Shifts: Model Differences and Model Reliability.” Global Change Biology, vol. 12, no. 8, 2006, pp. 1568–84, https://doi.org/10.1111/j.1365-2486.2006.01191.x."
"Le Rest, Kévin, et al. “Spatial Leave-One-out Cross-Validation for Variable Selection in the Presence of Spatial Autocorrelation.” Global Ecology and Biogeography, vol. 23, no. 7, 2014, pp. 811–20, https://doi.org/10.1111/geb.12161."
"Liu, Canran, et al. “The Effect of Sample Size on the Accuracy of Species Distribution Models: Considering Both Presences and Pseudo-Absences or Background Sites.” Ecography, vol. 42, no. 3, 2019, pp. 535–48, https://doi.org/10.1111/ecog.03188."
"Lobo, Jorge M., et al. “AUC: A Misleading Measure of the Performance of Predictive Distribution Models.” Global Ecology and Biogeography, vol. 17, no. 2, 2008, pp. 145–51, https://doi.org/10.1111/j.1466-8238.2007.00358.x."
"Lowen, J. Benjamin, et al. “Assessing Effects of Genetic, Environmental, and Biotic Gradients in Species Distribution Modelling.” ICES Journal of Marine Science, vol. 76, no. 6, Dec. 2019, pp. 1762–75, https://doi.org/10.1093/icesjms/fsz049."
"Mahony, Colin R., et al. “A Closer Look at Novel Climates: New Methods and Insights at Continental to Landscape Scales.” Global Change Biology, vol. 23, no. 9, Sept. 2017, pp. 3934–55, https://doi.org/10.1111/gcb.13645."
"Maldonado, Carla, et al. “Estimating Species Diversity and Distribution in the Era of Big Data: To What Extent Can We Trust Public Databases?” Global Ecology and Biogeography, vol. 24, no. 8, 2015, pp. 973–84, https://doi.org/10.1111/geb.12326."
"Manzoor, Syed Amir, et al. “Species Distribution Model Transferability and Model Grain Size – Finer May Not Always Be Better.” Scientific Reports, vol. 8, no. 1, May 2018, p. 7168, https://doi.org/10.1038/s41598-018-25437-1."
"Marion, Glenn, et al. “Parameter and Uncertainty Estimation for Process-Oriented Population and Distribution Models: Data, Statistics and the Niche.” Journal of Biogeography, vol. 39, no. 12, 2012, pp. 2225–39, https://doi.org/10.1111/j.1365-2699.2012.02772.x."
"Marjakangas, Emma-Liina, et al. “Ecological Barriers Mediate Spatiotemporal Shifts of Bird Communities at a Continental Scale.” Proceedings of the National Academy of Sciences, vol. 120, no. 23, 2023, p. e2213330120, https://doi.org/10.1073/pnas.2213330120."
"Marsh, Charles J., et al. “SDM Profiling: A Tool for Assessing the Information-Content of Sampled and Unsampled Locations for Species Distribution Models.” Ecological Modelling, vol. 475, Jan. 2023, p. 110170. ScienceDirect, https://doi.org/10.1016/j.ecolmodel.2022.110170."
"Martínez-Meyer, Enrique, et al. “Ecological Niches as Stable Distributional Constraints on Mammal Species, with Implications for Pleistocene Extinctions and Climate Change Projections for Biodiversity.” Global Ecology and Biogeography, vol. 13, no. 4, 2004, pp. 305–14, https://doi.org/10.1111/j.1466-822X.2004.00107.x."
"McInerny, Greg J., and Drew W. Purves. “Fine-Scale Environmental Variation in Species Distribution Modelling: Regression Dilution, Latent Variables and Neighbourly Advice.” Methods in Ecology and Evolution, vol. 2, no. 3, 2011, pp. 248–57, https://doi.org/10.1111/j.2041-210X.2010.00077.x."
"McIntire, Eliot J. B., et al. “PERFICT: A Re-Imagined Foundation for Predictive Ecology.” Ecology Letters, vol. 25, no. 6, 2022, pp. 1345–51. Wiley Online Library, https://doi.org/10.1111/ele.13994."
"Merow, Cory, et al. “What Do We Gain from Simplicity versus Complexity in Species Distribution Models?” Ecography, vol. 37, no. 12, 2014, pp. 1267–81, https://doi.org/10.1111/ecog.00845."
"Mesgaran, Mohsen B., et al. “Here Be Dragons: A Tool for Quantifying Novelty Due to Covariate Range and Correlation Change When Projecting Species Distribution Models.” Diversity and Distributions, vol. 20, no. 10, 2014, pp. 1147–59. Wiley Online Library, https://doi.org/10.1111/ddi.12209."
"Meynard, Christine N., Cyril Piou, et al. “A Theoretical Framework for Upscaling Species Distribution Models.” Methods in Ecology and Evolution, vol. 14, no. 11, 2023, pp. 2888–99. Wiley Online Library, https://doi.org/10.1111/2041-210X.14207."
"Meynard, Christine N., Sydne Record, et al. “Emerging Horizons in Predictive Biogeography.” Ecography, vol. 2025, no. 3, 2025, p. e07910. Wiley Online Library, https://doi.org/10.1111/ecog.07910."
"Meynard, Christine N., Boris Leroy, et al. “Testing Methods in Species Distribution Modelling Using Virtual Species: What Have We Learnt and What Are We Missing?” Ecography, vol. 42, no. 12, 2019, pp. 2021–36, https://doi.org/10.1111/ecog.04385."
"Moudrý, Vítězslav, et al. “Optimising Occurrence Data in Species Distribution Models: Sample Size, Positional Uncertainty, and Sampling Bias Matter.” Ecography, vol. 2024, no. 12, 2024, p. e07294, https://doi.org/10.1111/ecog.07294."
"Moudrý, Vítězslav, and Petra Šímová. “Influence of Positional Accuracy, Sample Size and Scale on Modelling Species Distributions: A Review.” International Journal of Geographical Information Science, vol. 26, no. 11, 2012, pp. 2083–95, https://doi.org/10.1080/13658816.2012.721553."
"Muhling, Barbara A., et al. “Predictability of Species Distributions Deteriorates Under Novel Environmental Conditions in the California Current System.” Frontiers in Marine Science, Volume 7-2020, 2020, https://doi.org/10.3389/fmars.2020.00589."
"Muscarella, Robert, et al. “ENMeval: An R Package for Conducting Spatially Independent Evaluations and Estimating Optimal Model Complexity for Maxent Ecological Niche Models.” Methods in Ecology and Evolution, vol. 5, no. 11, 2014, pp. 1198–205, https://doi.org/10.1111/2041-210X.12261."
"Muscatello, Angela, et al. “How Decisions about Fitting Species Distribution Models Affect Conservation Outcomes.” Conservation Biology, vol. 35, no. 4, Aug. 2021, pp. 1309–20, https://doi.org/10.1111/cobi.13669."
"Naimi, Babak, et al. “Where Is Positional Uncertainty a Problem for Species Distribution Modelling?” Ecography, vol. 37, no. 2, 2014, pp. 191–203, https://doi.org/10.1111/j.1600-0587.2013.00205.x."
"NatureServe. A Species Habitat Model Standard for the NatureServe Network | NatureServe. 6 Dec. 2021, https://www.natureserve.org/publications/species-habitat-model-standard-natureserve-network."
"Norberg, Anna, et al. “A Comprehensive Evaluation of Predictive Performance of 33 Species Distribution Models at Species and Community Levels.” Ecological Monographs, vol. 89, no. 3, 2019, p. e01370, https://doi.org/10.1002/ecm.1370."
"Osborne, Patrick E., and Pedro J. Leitão. “Effects of Species and Habitat Positional Errors on the Performance and Interpretation of Species Distribution Models.” Diversity and Distributions, vol. 15, no. 4, 2009, pp. 671–81, https://doi.org/10.1111/j.1472-4642.2009.00572.x."
"Osorio-Olvera, Luis, et al. “Ntbox: An r Package with Graphical User Interface for Modelling and Evaluating Multidimensional Ecological Niches.” Methods in Ecology and Evolution, vol. 11, no. 10, 2020, pp. 1199–206. Wiley Online Library, https://doi.org/10.1111/2041-210X.13452."
"Owens, Hannah L., et al. “Constraints on Interpretation of Ecological Niche Models by Limited Environmental Ranges on Calibration Areas.” Ecological Modelling, vol. 263, Aug. 2013, pp. 10–18. ScienceDirect, https://doi.org/10.1016/j.ecolmodel.2013.04.011."
"Paradinas, Iosu, et al. “Understanding Spatial Effects in Species Distribution Models.” PLOS ONE, vol. 18, no. 5, May 2023, pp. 1–6, https://doi.org/10.1371/journal.pone.0285463."
"Pease, Brent S., et al. “Exploring Spatial Nonstationarity for Four Mammal Species Reveals Regional Variation in Environmental Relationships.” Ecosphere, vol. 13, no. 8, 2022, p. e4166, https://doi.org/10.1002/ecs2.4166."
"Phillips, Steven J., et al. “Sample Selection Bias and Presence-Only Distribution Models: Implications for Background and Pseudo-Absence Data.” Ecological Applications, vol. 19, no. 1, 2009, pp. 181–97, https://doi.org/10.1890/07-2153.1."
"Phillips, Steven J., and Jane Elith. “On Estimating Probability of Presence from Use–Availability or Presence–Background Data.” Ecology, vol. 94, no. 6, 2013, pp. 1409–19, https://doi.org/10.1890/12-1520.1."
"Pielke Jr, Roger A., and Richard T. Conant. “Best Practices in Prediction for Decision-Making: Lessons from the Atmospheric and Earth Sciences.” Ecology, vol. 84, no. 6, 2003, pp. 1351–58. Wiley Online Library, https://doi.org/10.1890/0012-9658(2003)084%255B1351:BPIPFD%255D2.0.CO;2."
"Pili, Arman, et al. “Correcting Environmental Sampling Bias Improves Transferability of Species Distribution Models.” Ecography, vol. 2025, no. 10, 2025, p. e08002, https://doi.org/10.1002/ecog.08002."
"Poggiato, Giovanni, et al. “Integrating Food Webs in Species Distribution Models Can Improve Ecological Niche Estimation and Predictions.” Ecography, vol. 2025, no. 5, 2025, p. e07546, https://doi.org/10.1111/ecog.07546."
"Poisot, Thimotée. “Conformal Prediction Quantifies the Uncertainty of Species Distribution Models.” https://doi.org/10.32942/X2CD1J."
"Ranc, Nathan, et al. “Performance Tradeoffs in Target-Group Bias Correction for Species Distribution Models.” Ecography, vol. 40, no. 9, 2017, pp. 1076–87, https://doi.org/10.1111/ecog.02414."
"Rangel, Thiago F., et al. “Modeling the Ecology and Evolution of Biodiversity: Biogeographical Cradles, Museums, and Graves.” Science, vol. 361, no. 6399, July 2018, p. eaar5452, https://doi.org/10.1126/science.aar5452."
"Rathore, Mahima Kanwar, and Laxmi Kant Sharma. “Efficacy of Species Distribution Models (SDMs) for Ecological Realms to Ascertain Biological Conservation and Practices.” Biodiversity and Conservation, vol. 32, no. 10, Aug. 2023, pp. 3053–87. Springer Link, https://doi.org/10.1007/s10531-023-02648-1."
"Raymond, Calla V., et al. “Combining Species Distribution Models and Value of Information Analysis for Spatial Allocation of Conservation Resources.” Journal of Applied Ecology, vol. 57, no. 4, 2020, pp. 819–30. Wiley Online Library, https://doi.org/10.1111/1365-2664.13580."
"Richmond, Orien M. W., et al. “Is the Climate Right for Pleistocene Rewilding? Using Species Distribution Models to Extrapolate Climatic Suitability for Mammals across Continents.” PLOS ONE, vol. 5, no. 9, Sept. 2010, pp. 1–11, https://doi.org/10.1371/journal.pone.0012899."
"Roberts, David R., et al. “Cross-Validation Strategies for Data with Temporal, Spatial, Hierarchical, or Phylogenetic Structure.” Ecography, vol. 40, no. 8, 2017, pp. 913–29, https://doi.org/10.1111/ecog.02881."
"Rodríguez, Laura, et al. “Integration of Physiological Knowledge into Hybrid Species Distribution Modelling to Improve Forecast of Distributional Shifts of Tropical Corals.” Diversity and Distributions, vol. 25, no. 5, 2019, pp. 715–28, https://doi.org/10.1111/ddi.12883."
"Romero, David, et al. “Uncertainty in Distribution Forecasts Caused by Taxonomic Ambiguity under Climate Change Scenarios: A Case Study with Two Newt Species in Mainland Spain.” Journal of Biogeography, vol. 41, no. 1, 2014, pp. 111–21, https://doi.org/10.1111/jbi.12189."
"Root, Terry L., et al. “Fingerprints of Global Warming on Wild Animals and Plants.” Nature, vol. 421, no. 6918, Jan. 2003, pp. 57–60, https://doi.org/10.1038/nature01333."
"Santini, Luca, et al. “Assessing the Reliability of Species Distribution Projections in Climate Change Research.” Diversity and Distributions, vol. 27, no. 6, 2021, pp. 1035–50, https://doi.org/10.1111/ddi.13252."
"Senay, Senait D., et al. “Novel Three-Step Pseudo-Absence Selection Technique for Improved Species Distribution Modelling.” PLOS ONE, vol. 8, no. 8, Aug. 2013, pp. 1–16, https://doi.org/10.1371/journal.pone.0071218."
"Seo, Changwan, et al. “Scale Effects in Species Distribution Models: Implications for Conservation Planning under Climate Change.” Biology Letters, vol. 5, no. 1, Nov. 2008, pp. 39–43, https://doi.org/10.1098/rsbl.2008.0476."
"Sequeira, Ana M. M., et al. “Transferring Biodiversity Models for Conservation: Opportunities and Challenges.” Methods in Ecology and Evolution, vol. 9, no. 5, May 2018, pp. 1250–64, https://doi.org/10.1111/2041-210X.12998."
"Sillero, Neftalí, and A. Márcia Barbosa. “Common Mistakes in Ecological Niche Models.” International Journal of Geographical Information Science, vol. 35, no. 2, Feb. 2021, pp. 213–26. Taylor and Francis+NEJM, https://doi.org/10.1080/13658816.2020.1798968."
"Simonis, Juniper L., et al. “Evaluating Probabilistic Ecological Forecasts.” Ecology, vol. 102, no. 8, 2021, p. e03431. Wiley Online Library, https://doi.org/10.1002/ecy.3431."
"Sleep, Darren J. H., and Craig Loehle. “Validation of a Demographic Model for Woodland Caribou.” The Journal of Wildlife Management, vol. 74, no. 7, Sept. 2010, pp. 1508–12, https://doi.org/10.1111/j.1937-2817.2010.tb01278.x."
"Smith, Adam C., et al. “Spatially Explicit Bayesian Hierarchical Models Improve Estimates of Avian Population Status and Trends.” Ornithological Applications, Nov. 2023, p. duad056. Silverchair, https://doi.org/10.1093/ornithapp/duad056."
"Smulders, Mary, et al. “A Spatially Explicit Method for Evaluating Accuracy of Species Distribution Models.” Diversity and Distributions, vol. 16, no. 6, 2010, pp. 996–1008, https://doi.org/10.1111/j.1472-4642.2010.00707.x."
"Sofaer, Helen R., et al. “Development and Delivery of Species Distribution Models to Inform Decision-Making.” BioScience, vol. 69, no. 7, July 2019, pp. 544–57. Silverchair, https://doi.org/10.1093/biosci/biz045."
"Soley-Guardia, Mariano, et al. “Top Ten Hazards to Avoid When Modeling Species Distributions: A Didactic Guide of Assumptions, Problems, and Recommendations.” Ecography, n/a, no. n/a, Jan. 2024, p. e06852. Wiley Online Library, https://doi.org/10.1111/ecog.06852."
"Steen, Bart, et al. “How Sensitive Are Species Distribution Models to Different Background Point Selection Strategies? A Test with Species at Various Equilibrium Levels.” Ecological Modelling, vol. 493, 2024, p. 110754, https://doi.org/10.1016/j.ecolmodel.2024.110754."
"Stewart, S. B., et al. “Climate Extreme Variables Generated Using Monthly Time-Series Data Improve Predicted Distributions of Plant Species.” Ecography, vol. 44, no. 4, 2021, pp. 626–39, https://doi.org/10.1111/ecog.05253."
"Stockwell, David R. B., and A. Townsend Peterson. “Effects of Sample Size on Accuracy of Species Distribution Models.” Ecological Modelling, vol. 148, no. 1, 2002, pp. 1–13, https://doi.org/10.1016/S0304-3800(01)00388-X."
"Stoklosa, Jakub, et al. “A Climate of Uncertainty: Accounting for Error in Climate Variables for Species Distribution Models.” Methods in Ecology and Evolution, vol. 6, no. 4, 2015, pp. 412–23, https://doi.org/10.1111/2041-210X.12217."
"Stralberg, D., et al. “Projecting Boreal Bird Responses to Climate Change: The Signal Exceeds the Noise.” Ecological Applications, vol. 25, no. 1, 2015, pp. 52–69. Wiley Online Library, https://doi.org/10.1890/13-2289.1."
"Stralberg, Diana, et al. “A Generalized Modeling Framework for Spatially Extensive Species Abundance Prediction and Population Estimation.” Ecosphere, vol. 16, no. 10, 2025, p. e70405. Wiley Online Library, https://doi.org/10.1002/ecs2.70405."
"Strayer, David L., et al. “Understanding the Long-Term Effects of Species Invasions.” Trends in Ecology & Evolution, vol. 21, no. 11, Nov. 2006, pp. 645–51, https://doi.org/10.1016/j.tree.2006.07.007."
"Suttle, K. B., et al. “Species Interactions Reverse Grassland Responses to Changing Climate.” Science, vol. 315, no. 5812, 2007, pp. 640–42, https://doi.org/10.1126/science.1136401."
"Syphard, Alexandra D., and Janet Franklin. “Differences in Spatial Predictions among Species Distribution Modeling Methods Vary with Species Traits and Environmental Predictors.” Ecography, vol. 32, no. 6, 2009, pp. 907–18, https://doi.org/10.1111/j.1600-0587.2009.05883.x."
"Thibaud, Emeric, et al. “Measuring the Relative Effect of Factors Affecting Species Distribution Model Predictions.” Methods in Ecology and Evolution, vol. 5, no. 9, 2014, pp. 947–55, https://doi.org/10.1111/2041-210X.12203."
"Thuiller, Wilfried, et al. “Uncertainty in Ensembles of Global Biodiversity Scenarios.” Nature Communications, vol. 10, no. 1, Mar. 2019, p. 1446, https://doi.org/10.1038/s41467-019-09519-w."
"Tulowiecki, Stephen J., et al. “Effects of Positional Error on Modeling Species Distributions: A Perspective Using Presettlement Land Survey Records.” Plant Ecology, vol. 216, no. 1, Jan. 2015, pp. 67–85, https://doi.org/10.1007/s11258-014-0417-9."
"Tyre, Andrew J., et al. “Improving Precision and Reducing Bias in Biological Surveys: Estimating False-Negative Error Rates.” Ecological Applications, vol. 13, no. 6, 2003, pp. 1790–801, https://doi.org/10.1890/02-5078."
"Václavík, Tomáš, and Ross K. Meentemeyer. “Equilibrium or Not? Modelling Potential Distribution of Invasive Species in Different Stages of Invasion.” Diversity and Distributions, vol. 18, no. 1, 2012, pp. 73–83, https://doi.org/10.1111/j.1472-4642.2011.00854.x."
"Valavi, Roozbeh, et al. “Predictive Performance of Presence-Only Species Distribution Models: A Benchmark Study with Reproducible Code.” Ecological Monographs, vol. 92, no. 1, Feb. 2022, p. e01486, https://doi.org/10.1002/ecm.1486."
"Velásquez-Tibatá, Jorge, et al. “Using Measurement Error Models to Account for Georeferencing Error in Species Distribution Models.” Ecography, vol. 39, no. 3, 2016, pp. 305–16, https://doi.org/10.1111/ecog.01205."
"Vollering, Julien, et al. “Bunching up the Background Betters Bias in Species Distribution Models.” Ecography, vol. 42, no. 10, 2019, pp. 1717–27, https://doi.org/10.1111/ecog.04503."
"Watling, James I., et al. “Performance Metrics and Variance Partitioning Reveal Sources of Uncertainty in Species Distribution Models.” Ecological Modelling, vols. 309–310, 2015, pp. 48–59, https://doi.org/10.1016/j.ecolmodel.2015.03.017."
"Welk, Erik. “Constraints in Range Predictions of Invasive Plant Species Due to Non-Equilibrium Distribution Patterns: Purple Loosestrife (Lythrum Salicaria) in North America.” Ecological Modelling, vol. 179, no. 4, 2004, pp. 551–67, https://doi.org/10.1016/j.ecolmodel.2004.04.020."
"Werkowska, Wioletta, et al. “A Practical Overview of Transferability in Species Distribution Modeling.” Environmental Reviews, vol. 25, no. 1, Mar. 2017, pp. 127–33. cdnsciencepub.com (Atypon), https://doi.org/10.1139/er-2016-0045."
"Wesselmann, Marlene, et al. “Warming Threatens to Propel the Expansion of the Exotic Seagrass Halophila Stipulacea.” Frontiers in Marine Science, Volume 8-2021, 2021, https://doi.org/10.3389/fmars.2021.759676."
"Wiens, John A., et al. “Niches, Models, and Climate Change: Assessing the Assumptions and Uncertainties.” Proceedings of the National Academy of Sciences, vol. 106, no. supplement_2, Nov. 2009, pp. 19729–36, https://doi.org/10.1073/pnas.0901639106."
"Wiethase, Joris H., et al. “Spatio-Temporal Integrated Bayesian Species Distribution Models Reveal Lack of Broad Relationships between Traits and Range Shifts.” Global Ecology and Biogeography, vol. 33, no. 5, May 2024, p. e13819, https://doi.org/10.1111/geb.13819."
"Wintle, B. A., and D. C. Bardos. “Modeling Species-Habitat Relationships with Spatially Autocorrelated Observation Data.” Ecological Applications, vol. 16, no. 5, 2006, pp. 1945–58, https://doi.org/10.1890/1051-0761(2006)016%5B1945:MSRWSA%5D2.0.CO;2."
"Wulder, Michael A., et al. “Using Local Spatial Autocorrelation to Compare Outputs from a Forest Growth Model.” Ecological Modelling, vol. 209, no. 2, 2007, pp. 264–76, https://doi.org/10.1016/j.ecolmodel.2007.06.033."
"Yates, Katherine L., et al. “Outstanding Challenges in the Transferability of Ecological Models.” Trends in Ecology & Evolution, vol. 33, no. 10, Oct. 2018, pp. 790–802. ScienceDirect, https://doi.org/10.1016/j.tree.2018.08.001."
"Yates, Luke A., et al. “Cross Validation for Model Selection: A Review with Examples from Ecology.” Ecological Monographs, vol. 93, no. 1, 2023, p. e1557. Wiley Online Library, https://doi.org/10.1002/ecm.1557."
"Zhu, Gengping, et al. “Cautions in Weighting Individual Ecological Niche Models in Ensemble Forecasting.” Ecological Modelling, vol. 448, May 2021, p. 109502, https://doi.org/10.1016/j.ecolmodel.2021.109502."
"Zurell, Damaris, Janet Franklin, et al. “A Standard Protocol for Reporting Species Distribution Models.” Ecography, vol. 43, no. 9, 2020, pp. 1261–77. Wiley Online Library, https://doi.org/10.1111/ecog.04960."
"Zurell, Damaris. “Integrating Demography, Dispersal and Interspecific Interactions into Bird Distribution Models.” Journal of Avian Biology, vol. 48, no. 12, 2017, pp. 1505–16, https://doi.org/10.1111/jav.01225."
"Zurell, Damaris, Katrin Schifferle, et al. “Range and Climate Niche Shifts in European and North American Breeding Birds.” Philosophical Transactions of the Royal Society B: Biological Sciences, vol. 379, no. 1902, Apr. 2024, p. 20230013, https://doi.org/10.1098/rstb.2023.0013."